ordem,data,dia,peca,tom,arquivo,observacao
1,2026-10-09,sexta,1,claro,01-capa-o-que-e-sustentacao-oral-claro.png,Primeira postagem (teste do fluxo)
2,2026-10-10,sábado,8,claro,08-guarda-compartilhada-mito-verdade-claro.png,
3,2026-10-11,domingo,9,escuro,09-quem-e-dra-patricia-escuro.png,Apresentação da Dra.
4,2026-10-12,segunda,4,claro,04-2026-10-12-dia-das-criancas-claro.png,DATA FIXA: Dia das Crianças
5,2026-10-14,quarta,6,escuro,06-quando-cabe-sustentacao-oral-escuro.png,
6,2026-10-16,sexta,12,claro,12-pensao-alimenticia-tres-confusoes-claro.png,
7,2026-10-17,sábado,2,escuro,02-sustentar-nao-e-repetir-a-peticao-escuro.png,
8,2026-10-18,domingo,,,,"LIVRE: nova arte, repost ou foto real de tribunal"
9,2026-10-19,segunda,17,claro,17-usucapiao-em-poucas-linhas-claro.png,
10,2026-10-21,quarta,7,claro,07-15-minutos-de-sustentacao-claro.png,
11,2026-10-23,sexta,15,claro,15-uniao-estavel-o-que-muda-claro.png,
12,2026-10-24,sábado,3,escuro,03-frase-tribuna-preparacao-escuro.png,
13,2026-10-25,domingo,,,,LIVRE: nova arte ou repost
14,2026-10-26,segunda,21,escuro,21-antes-de-comprar-um-imovel-escuro.png,
15,2026-10-28,quarta,10,claro,10-2026-10-28-dia-do-servidor-publico-claro.png,DATA FIXA: Dia do Servidor Público
16,2026-10-30,sexta,11,escuro,11-memorial-aliado-da-sustentacao-escuro.png,
17,2026-10-31,sábado,16,escuro,16-2026-10-31-o-que-assusta-num-processo-escuro.png,"DATA FIXA: Halloween (tom leve, educativo)"
18,2026-11-01,domingo,5,claro,05-divorcio-extrajudicial-claro.png,
19,2026-11-02,segunda,,,,"LIVRE: Finados, sugestão é não postar ou só conteúdo neutro"
20,2026-11-04,quarta,18,claro,18-seu-recurso-na-tribuna-claro.png,
21,2026-11-06,sexta,19,escuro,19-divorcio-sem-prazo-de-espera-escuro.png,
22,2026-11-07,sábado,14,claro,14-quem-se-prepara-argumenta-com-seguranca-claro.png,
23,2026-11-08,domingo,,,,LIVRE: nova arte ou repost
24,2026-11-09,segunda,26,claro,26-antes-de-assinar-um-contrato-claro.png,
25,2026-11-11,quarta,23,escuro,23-inventario-por-onde-comecar-escuro.png,
26,2026-11-13,sexta,22,claro,22-tribunal-na-pratica-claro.png,
27,2026-11-14,sábado,27,escuro,27-regime-de-bens-escolha-com-informacao-escuro.png,
28,2026-11-15,domingo,20,claro,20-2026-11-15-proclamacao-da-republica-claro.png,DATA FIXA: Proclamação da República
29,2026-11-16,segunda,29,claro,29-sustentacao-por-videoconferencia-claro.png,
30,2026-11-18,quarta,,,,LIVRE: nova arte ou repost
31,2026-11-20,sexta,24,escuro,24-2026-11-20-dia-da-consciencia-negra-escuro.png,DATA FIXA: Dia da Consciência Negra
32,2026-11-21,sábado,28,escuro,28-escuta-atenta-preparacao-rigorosa-escuro.png,
33,2026-11-22,domingo,,,,LIVRE: nova arte ou repost
34,2026-11-23,segunda,30,escuro,30-conteudo-juridico-no-site-escuro.png,
35,2026-11-25,quarta,25,claro,25-2026-11-25-contra-a-violencia-domestica-claro.png,DATA FIXA: Dia Internacional contra a Violência Doméstica
36,2026-11-27,sexta,13,escuro,13-2026-11-27-black-friday-seus-direitos-escuro.png,DATA FIXA: Black Friday (direitos do consumidor)
